{
  "s1-fast" : {
    "chars" : 435,
    "wer" : 0
  },
  "s1-noisy" : {
    "chars" : 432,
    "wer" : 0.02631578947368421
  },
  "s1-quiet" : {
    "chars" : 432,
    "wer" : 0.02631578947368421
  },
  "s1-ramble" : {
    "chars" : 435,
    "wer" : 0
  },
  "s2-hinglish" : {
    "chars" : 128,
    "wer" : 0.10344827586206896
  },
  "s2-nopause" : {
    "chars" : 51,
    "wer" : 0.1111111111111111
  },
  "s3-technical" : {
    "chars" : 268,
    "wer" : 0.09090909090909091
  },
  "s5-numbers" : {
    "chars" : 112,
    "wer" : 0.23809523809523808
  }
}